image_name,occlusion_percentage,severity
PI005120_f2040_jpg.rf.NKoYk0ewU5eGNROwSOPQ.jpg,31.71,Medium
PI005286_f3240_jpg.rf.tBF1G0Z8FNP0O4FZQ1Qv.jpg,40.53,Medium
PI005299_f6720_jpg.rf.m0EGpveV0FwieWRwoHce.jpg,38.06,Medium
PI005299_f7920_jpg.rf.scQqeDBqQ8LiXvPKpf0u.jpg,30.15,Medium
PI005455_f3240_jpg.rf.f5jE5f8cNeGtv3KWRfm8.jpg,13.62,Low
PI005455_f3300_jpg.rf.nOxjQKO9RoISghNauFuY.jpg,15.74,Low
PI005481_f600_jpg.rf.BH8l4icgqTNPX5UIHHRx.jpg,0.0,Low
PI005918_f1860_jpg.rf.JLpoOXlmef8ygjFnOKrF.jpg,17.75,Low
PI005918_f2460_jpg.rf.ExEKfHvcMmHTyY9eU18d.jpg,25.99,Medium
PI005942_f120_jpg.rf.j3tX2LYcdeqQGkf3arNE.jpg,0.0,Low
PI005942_f7620_jpg.rf.gb8sBBWPzkDLKY55q6zz.jpg,24.92,Medium
PI008481_f1380_jpg.rf.kjhLBHlBsgmsl1PcPM6C.jpg,0.0,Low
PI008481_f1560_jpg.rf.CupW4ggtvofPsTRmi3iJ.jpg,0.0,Low
PI008481_f16860_jpg.rf.UVEygGPt4B1XzGpwrjiO.jpg,18.79,Low
PI008481_f180_jpg.rf.tkt60fXUFNzJFb9Z2LYQ.jpg,0.0,Low
PI008481_f5100_jpg.rf.Wx83rakrdyL50agv7m6f.jpg,6.99,Low
PI008707_f8400_jpg.rf.mfp1Yla6QJWLC3vNN3YC.jpg,54.81,High
PI008707_f9360_jpg.rf.ZlnjIAfbwvVffVCZsxEG.jpg,33.64,Medium
PI008707_f9600_jpg.rf.eWwnaMyYjDDCF6tvqM33.jpg,18.45,Low
PI008746_f1680_jpg.rf.tfqLuo1UZwOEFUIubLzE.jpg,1.22,Low
PI008746_f4260_jpg.rf.CMO7vukT86A1FMh7dkuC.jpg,6.28,Low
PI008832_f10980_jpg.rf.LeBAWHTsUO7TS5Qr2lV7.jpg,8.33,Low
PI008863_f3240_jpg.rf.Oj80j7am4C3hfMU8hnJ8.jpg,15.21,Low
PI008863_f3540_jpg.rf.7gvIfF8F5MaPWUM9mZY9.jpg,16.36,Low
PI008863_f4020_jpg.rf.OAu9zdt6xtn3tvKDcDRP.jpg,12.4,Low
PI008863_f4920_jpg.rf.PjG2INl6JLQeuiHnppYX.jpg,49.49,Medium
PI009068_f420_jpg.rf.fqIb0NgM699NE5XvYAIm.jpg,5.28,Low
PI009068_f8160_jpg.rf.IBeVR03FRaaGRvTYIOIt.jpg,43.75,Medium
PI009859_f1320_jpg.rf.30oISDnlF8TTC1uJoLsw.jpg,0.0,Low
PI009859_f1740_jpg.rf.pHSZnZcq04NmvXomegP8.jpg,38.69,Medium
PI010198_f1740_jpg.rf.NaHwJs0zpv17VXMyRUjM.jpg,17.67,Low
PI010198_f240_jpg.rf.WpjuWmgamVxtNOhSyuw9.jpg,21.96,Medium
PI010198_f4200_jpg.rf.jxLvuN5cSujh0EqIDSvw.jpg,2.31,Low
PI010198_f840_jpg.rf.FSsCmqscQI1I6w63BKXX.jpg,16.43,Low
PI010198_f9600_jpg.rf.1UPCc8LAnz3WYwUvR4lr.jpg,11.18,Low
PI010198_f9660_jpg.rf.9VKvpOILUpT0xompNO4q.jpg,19.06,Low
PI010523-a_f13680_jpg.rf.ObhXg77Zyt1xkVRJ12Gq.jpg,48.23,Medium
PI010523-a_f14280_jpg.rf.kHHDNwsSSofG79jO74Jz.jpg,52.16,High
PI010523-a_f4080_jpg.rf.tthLoOWoOBaUAwHFdRYW.jpg,10.78,Low
PI010523-a_f7200_jpg.rf.GRH53W6Xi5kT1Mn4XH73.jpg,0.0,Low
PI010523-b_f3180_jpg.rf.X6dvtwyqwoVfxFzcq2VY.jpg,40.0,Medium
PI010528_f14100_jpg.rf.UyDIkGR1s0OFArIjvW4X.jpg,29.16,Medium
PI010528_f16500_jpg.rf.c9T3bP1hojGyXBiw3YDn.jpg,7.43,Low
PI010528_f17100_jpg.rf.wJ9xxHyWJjoxTYDjwNVU.jpg,17.17,Low
PI010528_f8820_jpg.rf.QUi6P1LCE7O1rM6P4S5W.jpg,0.0,Low
PI010529_f840_jpg.rf.zFcUwp2sUbFxTOAYhsAB.jpg,5.33,Low
PI010537_f2280_jpg.rf.BEmaU4vPHpgIcPSiyjbf.jpg,83.28,High
PI010539_f7200_jpg.rf.kOfcRpXMtyIh8DNNnf5v.jpg,22.9,Medium
PI010539_f9960_jpg.rf.SLtyvvxt4IVvW8YMQIvW.jpg,40.82,Medium
PI010542_f5580_jpg.rf.5oDZ6ruUjDo5XeaW3BpU.jpg,61.56,High
PI010551_f6180_jpg.rf.pC8bqZseBngFoY4DzF8U.jpg,1.06,Low
PI010598_f300_jpg.rf.u8noGVg7tJyfVPSu3yWr.jpg,28.82,Medium
PI011206_f10200_jpg.rf.iGWQy9VPqHgKDE1XIlY2.jpg,25.62,Medium
PI011206_f180_jpg.rf.8TwoV4x4e27vR9sNBXG1.jpg,15.31,Low
PI011206_f300_jpg.rf.ixtsDET9trdJgUm5zOFv.jpg,36.98,Medium
PI011206_f4200_jpg.rf.cIXP0F2hNo1pZbcT6bKD.jpg,7.12,Low
PI011206_f540_jpg.rf.sEraRImtoX3hVPFukVK2.jpg,9.58,Low
PI011206_f5640_jpg.rf.7LtX2mLgcxyZRrbkETcg.jpg,12.84,Low
PI011206_f6960_jpg.rf.ga6u4LfZ9CpWmANcARAy.jpg,1.88,Low
PI011206_f9720_jpg.rf.tErDiqVqtbBgkGqyvxxD.jpg,3.4,Low
PI011362_f1920_jpg.rf.nVKD9sjLOkOH8EgeeGtL.jpg,0.0,Low
PI011951_f1800_jpg.rf.Uo4jVd8yl4bIPaz9gIqX.jpg,5.71,Low
PI012138_f1920_jpg.rf.4DF91b0pRapCOqpZEvpv.jpg,11.04,Low
PI012169_f2640_jpg.rf.sVaUGFYOjh3XxMVCPK8a.jpg,18.27,Low
PI012169_f2760_jpg.rf.9jofuYkz58oTsVcVC3K0.jpg,1.86,Low
PI012169_f420_jpg.rf.vgrYsMMqKzXb6oM9w393.jpg,1.39,Low
PI012169_f7080_jpg.rf.k4ymYpl0qVM5lWKt2QPA.jpg,14.79,Low
PI014558_f9780_jpg.rf.FQMuBnf230MjloNqfwNd.jpg,15.79,Low
PI014558_f9840_jpg.rf.CDA1QfZE26ZqEhJAsuHX.jpg,9.15,Low
PI014558_f9960_jpg.rf.lygMfknyOXv1HmhV1DnM.jpg,41.79,Medium
PI015757_f180_jpg.rf.6DeCxGoeY0p6hfDDj3jS.jpg,20.7,Medium
PI015757_f2340_jpg.rf.CIdzLkuAXcycTyKKZZg2.jpg,21.18,Medium
PI015757_f2400_jpg.rf.UnLxA9zjtqeV9Yw6pe3x.jpg,23.17,Medium
PI015757_f3960_jpg.rf.OC3ya8WQmVHnZbYxCwad.jpg,41.11,Medium
PI015757_f4440_jpg.rf.Blve4IEJqZOPaO8Fd5vm.jpg,20.81,Medium
PI015757_f840_jpg.rf.bHzSFTYwbSrpGDzsLDBM.jpg,28.77,Medium
PI034737_f3360_jpg.rf.YDzjtDOaNHnHH3d4owDu.jpg,39.96,Medium
PI035373_f9540_jpg.rf.h86BDdrLXha0TPBmwtNr.jpg,56.49,High
PI035535_f660_jpg.rf.vECONW7du9kMt5poSHvc.jpg,54.29,High
PI035626_f180_jpg.rf.7phyVlKIIJ7Tm11lmpCg.jpg,15.05,Low
PI035626_f720_jpg.rf.XPx9RW4pKUDyyBkLkjGd.jpg,28.12,Medium
PI040420_f1020_jpg.rf.UAW7HZDQ3baeI5usdooP.jpg,15.45,Low
PI040420_f4440_jpg.rf.UkxIRIFfuMXVXFp8cc2U.jpg,5.01,Low
PI040420_f5580_jpg.rf.3RbZpvOgzvEEiVlAhwRA.jpg,13.0,Low
PI041252_f1140_jpg.rf.qmZB3OkePaORNgm6ekvE.jpg,30.03,Medium
PI041252_f1260_jpg.rf.89SggoLJycyS44qbs7Ni.jpg,15.54,Low
PI041252_f4740_jpg.rf.M6Iui1j9IAOQhd3OSpdT.jpg,27.26,Medium
PI047086_f3180_jpg.rf.COOwYAda0gRo992qZduT.jpg,0.0,Low
PI054016_f1560_jpg.rf.L2CJunXGxwGQStCXXMUs.jpg,33.66,Medium
PI054438_f240_jpg.rf.df5yippU0r9vOPbM4UPq.jpg,47.79,Medium
PI058868_f12360_jpg.rf.D9Tyfw7IztLLBZWBVVa6.jpg,22.27,Medium
PI058868_f13380_jpg.rf.8ZkbNJTaoM0sOFBNKuSf.jpg,48.79,Medium
PI059757_f660_jpg.rf.rZ3VELdONjCIcrLAr1oH.jpg,7.09,Low
PI060553_f10080_jpg.rf.atlK4XMglfSf70xpOh4p.jpg,12.71,Low
PI060553_f7920_jpg.rf.6o1yd20sWT0ZqPqTzTBP.jpg,7.88,Low
PI060553_f7980_jpg.rf.q74RtKyPrG6J9ekrsbak.jpg,2.79,Low
PI060553_f8280_jpg.rf.jxA74F25SdJhWbwYzIj5.jpg,4.85,Low
PI060553_f9540_jpg.rf.mhUwhGQFkWbRRRcyObnW.jpg,9.77,Low
